CLAVE,DESCRIPCION,PRECIOS,
7500000000010,PIÑA EN ALMIBAR AGROVER REBANADA ,$695.50,
7500000000011,BL CLORALEX 15/950 ML                                       ,$125.43,
7500000000012,BL CLORALEX 20/500 ML                                       ,$102.76,
7500000000016,LIM PINOL 20/500 ML                                   ,$195.41,
7500000000019,ENSUEÑO PRIMAV. ZERO 12/850 ML                              ,$155.72,
7500000000022,ENSUEÑO ZERO ENJ BEBE 12/850 ML                             ,$155.35,
7500000000023,ENSUEÑO ZERO ENJ PEP/BAM 12/850 ML                          ,$155.74,
7500000000025,ENSUEÑO ZERO ENJ SENS/NAT 12/850 ML                         ,$155.74,
7500000000028,ENSUEÑO NAT AVENA+ALM 12/850 ML                             ,$155.74,
7500000000029,ENSUEÑO NAT MANZ+ALOE 12/850 ML                             ,$155.70,
7500000000032,ENSUEÑO FRE PRIMAVERAL PROTCOLOR 12/850 ML                  ,$153.37,
7500000000293,ARROZ MORELOS GRANO LARGO RJ 10/1 KG                        ,$141.75,
7500000000301,JUMEX LATA BOTELLA NECTAR MANGO ,$199.50,
7500000000319,JUMEX AMI NARANJA 18/500ML                     ,$68.37,
7500000000344,CH MORENA RAJAS 6/2.8 GR                                    ,$388.28,
7500000000345,CH MORENA JALAPEÑOS 6/2.800 KG                              ,$238.23,
7500000000349,CH MORENA RAJAS VERDES 12/800 GR                            ,$269.78,
7500000000350,CH MORENA RAJAS 24/380 GR                                   ,$311.81,
7500000000351,CH MORENA RAJAS 40/100 GR                                   ,$153.13,
7500000000401,GA EMPERADOR VAINILLA 16/101 GR                             ,$110.57,
7500000000406,GA EMPERADOR NUEZ 101 GR                                    ,$109.25,
7500000000420,AZUCARADAS MAIZORO 30/500 GR                                ,$764.24,
7500000000430,ABLANDADOR DE CARNE MC CORMICK 12/155 GR                    ,$158.22,
7500000000436,CHAMPIÑONES HERDEZ ENTERO 24/186 GR                         ,$334.27,
7500000000437,CHAMPIÑONES HERDEZ ENTERO 24/380 GR                         ,$592.08,
7500000000439,CHAMPIÑONES HERDEZ REBANADOS 24/380 GR                      ,$546.73,
7500000000441,CHICHARO HERDEZ CON ZANAHORIA 225 GR                        ,$304.74,
7500000000443,CHICHARO HERDEZ FINO 48/215 GR                              ,$251.56,
7500000000444,ENSALADA DE LEGUMBRES HERDEZ 220 GR                         ,$244.85,
7500000000447,GRANO DE ELOTE HERDEZ 24/220 GR                             ,$167.50,
7500000000449,MAYONESA MC CORMICK #4 24/105 GR         ,$225.60,
7500000000451,MAYONESA MC CORMICK #64 1.400 KG         ,$501.15,
7500000000452,MAYONESA MC CORMICK #8 24/190 GR         ,$311.30,
7500000000453,MAYONESA MC CORMICK INST 3.4 GR            ,$656.27,
7500000000457,MOSTAZA MC CORMICK #4 24/115 GR           ,$179.19,
7500000000458,MOSTAZA MC CORMICK #8 24/210 GR           ,$168.94,
7500000000462,CHAMPIÑONES HERDEZ REBANADO 12/800 GR                       ,$578.07,
7500000000464,PURE DE TOMATE DEL FUERTE 24/210 GR      ,$106.96,
7500000000469,SALSA BUFALO PICANTE CLASICA 24/150 GR  ,$189.34,
7500000000483,SAL CON CEBOLLA MC CORMICK 126 GR        ,$169.24,
7500000000502,ACEITUNA BUFALO MANZ 24/190 GR                              ,$284.44,
7500000000523,MERMELADA DEL MONTE MANGO 24/270 GR  ,$358.85,
7500000000559,CERILLO CLASICO 20/5/10 PZ                                  ,"$1,244.40",
7500000000561,CERILLO MANOLA 10/5/50 PZ                                   ,$513.03,
7500000000577,DT ARIEL REG 6/3 KG                                         ,$586.68,
7500000000590,DT BOLD BEBE 18/900 GR                                      ,$375.32,
7500000000605,DT SALVO 18/1 KG                                            ,$441.10,
7500000000621,JAB TOC ESCUDO VERDE ALOE 72/180 GR                         ,$704.61,
7500000000622,DT SALVO LIMON 20/900 GR                                    ,$450.57,
7500000000643,DOWNY L/E ROMANCE 12/800 ML                                 ,$224.57,
7500000000646,DOWNY L/E TANGO PASION 12/800 ML                            ,$225.09,
7500000000655,TF ALWAYS PINKCESS NOCHE SUAVE C/A ,$197.02,
7500000000665,JAB TOC ESCUDO BLANCO NEUTRO 72/180 GR                      ,$721.11,
7500000000668,DOWNY L/E BLACK ELEGANCE 12/800 ML                          ,$225.16,
7500000000669,JAB TOC ESCUDO ROSA 72/180 GR                               ,$738.97,
7500000000685,JAB TOC ESCUDO SUAVE AVENA 72/180 GR                        ,$785.76,
7500000000712,SALVO LIQ ALTERNATIVA COLOR 25/500 ML   ,$408.97,
7500000000738,DT ACE REGULAR 9/1 KG                                       ,$237.40,
7500000000762,DT SALVO LIMON 9/1.8 KG                                     ,$313.76,
7500000000791,DT MAESTRO LIMPIO REG 32/250 GR                             ,$204.89,
7500000000802,JAB TOC CAMAY ROMANTIC 96/120 GR                            ,$815.02,
7500000000809,DT BOLD FLORAL FPA 24/500 GR                                ,$286.96,
7500000000821,DT LIQ SALVO ALTERNATIVA AL CLORO 12/750 ML                 ,$302.68,
7500000000826,JAB TOC ESCUDO MANZANILLA 72/180 GR                         ,$804.64,
7500000000882,SALSA CATSUP DEL MONTE SQUEEZ 220 GR   ,$177.14,
7500000000909,CH COSTEÑA CHIPOTLE 40/105 GR                               ,$330.78,
7500000000910,CH COSTEÑA CHIPOTLE 24/220 GR                               ,$375.06,
7500000000911,CH COSTEÑA CHIPOTLE 24/380 GR                               ,$657.88,
7500000000914,CH COSTEÑA RAJAS 24/380 GR                                  ,$355.11,
7500000000915,CH COSTEÑA RAJAS 6/2.800 GR                                 ,$420.96,
7500000000916,CH COSTEÑA JALAPEÑOS 24/380 GR                              ,$287.05,
7500000000918,CH COSTEÑA JALAPEÑOS 48/220 GR                              ,$348.83,
7500000000922,FRIJ COSTEÑA BAYO ENTERO 12/560 GR                          ,$130.58,
7500000000923,FRIJ COSTEÑA BAYO REFERITO 12/580 GR                        ,$146.42,
7500000000924,FRIJ COSTEÑA NEGRO ENTERO 12/560 GR                         ,$132.75,
7500000000926,MAYONESA COSTEÑA 12/190 GR                   ,$139.73,
7500000000927,MAYONESA COSTEÑA 12/385 GR                   ,$227.90,
7500000000929,SALSA CATSUP COSTEÑA 3.250 GR                ,$482.88,
7500000000932,VINAGRE COSTEÑA BLANCO 1.05 LT              ,$113.42,
7500000000933,SALSA COSTEÑA RANCHERA 12/475 ML          ,$0.14,
7500000000935,CH COSTEÑA RAJAS 48/220 GR                                  ,$415.43,
7500000000936,CH COSTEÑA RAJAS 40/105 GR                                  ,$197.90,
7500000000937,FRIJ COSTEÑA NEGRO REFRITO 12/580 GR                        ,$146.55,
7500000000939,PURE DE TOMATE COSTEÑA 12/800 GR          ,$253.47,
7500000000942,SALSA COSTEÑA VERDE 12/475 GR                ,$237.23,
7500000000943,SALSA CATSUP COSTEÑA SQUEEZ 24/400 GR  ,$261.65,
7500000000944,PURE DE TOMATE COSTEÑA 2.950 GR            ,$381.23,
7500000000947,MAYONESA COSTEÑA 24/105 GR                   ,$167.60,
7500000000948,MAYONESA COSTEÑA SQUEZZ 330 GR            ,$474.03,
7500000000950,MERMELADA COSTEÑA FRESA 270 GR            ,$177.28,
7500000000951,CREMA CAMPBELLS CHAMPIÑON 24/420 GR                         ,$532.34,
7500000000958,SALSA COSTEÑA TAQUERA 12/475 GR            ,$221.51,
7500000000964,VINAGRE COSTEÑA BLANCO 24/535 ML          ,$151.43,
7500000000973,DT ARCOIRIS BULTO 9 KG                                      ,$146.76,
7500000000975,JAB LAV MORO C/ENV 20/350 GR                                ,$139.58,
7500000000976,JAB LAV ARCOIRIS ROSA C/ENV 20/350 GR                       ,$150.49,
7500000000977,DT PREMIO 9 KG                                              ,$136.13,
7500000000983,SALSA TAJIN POLVO 12/140 GR                     ,$200.92,
7500000000984,SALSA TAJIN POLVO 12/440 GR                     ,$403.03,
7500000000985,VINAGRE BARRILITO BLANCO 12/750 ML        ,$97.36,
7500000000986,VINAGRE BARRILITO MANZANA 12/750 ML     ,$166.21,
7500000000987,VINAGRE BARRILITO COLOR 12/750 ML         ,$97.03,
7500000001041,ACEITE CRISTAL 8/1.500 LT                                   ,$263.93,
7500000001042,ACEITE CRISTAL VEGETAL 12/1 LT                              ,$264.18,
7500000001043,ACEITE CRISTAL VEGETAL 24/500 ML                            ,$266.32,
7500000001085,AGRANEL ALPISTE SIMPLE                                      ,$16.56,
7500000001114,GRASA EL OSO NEUTRA 12/6/90 GR                              ,"$1,411.44",
7500000001115,GRASA EL OSO NEGRA 12/6/90 GR                               ,"$1,474.21",
7500000001117,GRASA EL OSO CAFÉ 2 EN 1 36/90 GR                           ,$793.02,
7500000001121,TINTA EL OSO NEGRA 24/125 ML                   ,$315.67,
7500000001127,AGRANEL CHILE DE ARBOL CON PATA                             ,$80.43,
7500000001161,DT BLANCA NIEVES 40/250 GR                                  ,$244.63,
7500000001163,DT FOCA 10/1 KG                                             ,$262.16,
7500000001167,DT LIQ FOCA 12/1 LT                                         ,$250.06,
7500000001169,DT ROMA 10/1 KG                                             ,$251.07,
7500000001172,DT ROMA BULTO 10 KG                                         ,$244.63,
7500000001174,JAB LAV CORONA ROSA C/ENV 25/400 GR                         ,$290.68,
7500000001182,JAB TOC  ROSA VENUS ROSA 30/200 GR                          ,$222.36,
7500000001185,JAB TOC ROSA VENUS SURTIDO 60/100 GR                        ,$212.62,
7500000001187,JAB LAV TEPEYAC BLANCO C/ENV 25/400 GR                      ,$407.29,
7500000001189,JAB LAV ZOTE AZUL 25/400 GR                                 ,$296.45,
7500000001190,JAB LAV ZOTE BLANCO 25/400 GR                               ,$295.97,
7500000001191,JAB LAV ZOTE BLANCO 50/200 GR                               ,$292.82,
7500000001192,JAB LAV ZOTE BLANCO 60/100 GR                               ,$183.55,
7500000001194,JAB LAV ZOTE ROSA 25/400 GR                                 ,$296.31,
7500000001195,JAB LAV ZOTE ROSA 50/200 GR                                 ,$290.23,
7500000001196,JABON ZOTE ROSA 60/100 GR                                   ,$183.45,
7500000001198,DT PURO SOL 20/500 GR                                       ,$238.13,
7500000001218,JAB TOC TEPEYAC VERDE 40/150 GR                             ,$222.35,
7500000001227,DT LIQ  ROMA 12/1 LT                                        ,$233.46,
7500000001242,PH BIG QUALITY 600 HD 8/6 PZ                    ,$301.12,
7500000001243,PH HORTENSIA MEGA VERDE 400 HD 24/4 PZ ,$479.02,
7500000001244,PH HORTENSIA SUPREME ROSA 450 HD 24/4  ,$508.18,
7500000001264,PH HORTENSIA MORADO MAXI 300 HD 24/4 ,$363.93,
7500000001266,SERVITOALLA BIG QUALITY 24/150 HD          ,$375.31,
7500000001285,VEL SAN JUAN ECOLOG MEDIA SEMANA 20 ,$237.75,
7500000001287,VELAS SAN JUAN 6/16 PZ                              ,$216.84,
7500000001298,CHAROLA PACHANGA TERMICA #66 10/50 PZ                       ,$176.94,
7500000001306,PLATO TERMICO REYMA 8D 25/20 PZ             ,$264.79,
7500000001314,VASO TERMICO #32IJ32 DART 20 PAQ C/15 ,$336.97,
7500000001326,CHAROLA REYMA TERMICA # 066 10/50 PZ                        ,$186.18,
7500000001328,PLATO TERMICO REYMA #6 20/25 PZ             ,$206.87,
7500000001329,PLATO TERMICO 8/L REYMA 20/25 PZ            ,$267.55,
7500000001335,TAPA DART TRANSP C/RAN P/POP 16 SL ,$300.96,
7500000001336,TAPA DART TRANSP C/RAN 32 SL 5/100 PZ     ,$264.79,
7500000001338,CHAROLA REYMA TERMICA 9-2D 10/25 PZ                         ,$275.13,
7500000001339,TAPA DART TRANS C/R P/POP 10 SL1000 PZ   ,$320.03,
7500000001361,GA CUETARA MARIAS 1 KG                                      ,$685.39,
7500000001389,DT ACE REGULAR 48/250 GR                                    ,$291.44,
7500000001390,DT ACE REGULAR 6/3 KG                                       ,$498.86,
7500000001413,ACEITE DE OLIVA ESPAÑOL 10/12/45 ML                         ,$463.67,
7500000001464,LECHE ALPURA DESLACTOSADA 12/1 LT         ,$201.60,
7500000001468,LECHE ALPURA ENTERA AZUL 12/1 LT            ,$197.42,
7500000001506,SP MARUCHAN CAMARON CON CHILE 12/64 ,$79.66,
7500000001508,SP MARUCHAN CAMARON NATURAL 12/64 GR ,$79.66,
7500000001511,SP MARUCHAN RES 12/64 GR                        ,$79.66,
7500000001523,SP RAMEN CAMARON HABANER 12/85 GR       ,$0.29,
7500000001530,ARROZ SOS AZUL TIPO MORELOS 12/1 KG                         ,$220.78,
7500000001537,BL CLARASOL 12/1 LT                                         ,$72.87,
7500000001538,BL CLARASOL 6/1.850 LT                                      ,$67.72,
7500000001542,BL CLARASOL 3/3.785 LT                                      ,$67.72,
7500000001558,ALUMINIO ALUPRACTIK 24/7 MT                                 ,$114.75,
7500000001560,PAPEL ALUMINIO PRACTIK 25/50 MT             ,$679.21,
7500000001585,BARRA ZUCARITAS NIÑO 56/21 GR                               ,$212.83,
7500000001587,BARRA CHOCO KRISPIS NIÑO 56/19 GR                           ,$212.83,
7500000001610,BARRA ALL BRAN PASAS 40 GR                                  ,$25.09,
7500000001633,CEREAL EMPANIZADOR SC 52/160 GR                             ,$600.39,
7500000001643,BARRA FROOT LOOPS  NIÑO 56 /18 GR                           ,$212.83,
7500000001651,CER CHOCO KRISPIS 50/40 GR                                  ,$231.82,
7500000001689,KLEENEX AHORAPACK 24/3/90 PZ  6042         ,$803.64,
7500000001690,TF KOTEX ANAT C/A 10/10 PZ                       ,$138.99,
7500000001692,TF KOTEX ANAT MANZ C/A 10/10 PZ              ,$126.22,
7500000001696,TF KOTEX ANAT S/A 12/10 PZ                       ,$132.98,
7500000001700,TF KOTEX PANTI REGULAR 24/44 PZ              ,$537.54,
7500000001701,TF KOTEX ULTRADELGADA C/A 12/10 PZ        ,$149.40,
7500000001704,TF KOTEX UNIKA ANAT C/A 10/8 PZ               ,$116.49,
7500000001708,PAÑAL ABSORSEC CHICO 4/40 PZ                  ,$338.60,
7500000001713,PAÑAL ABSORSEC JUMBO 4/40 PZ                  ,$502.57,
7500000001719,PAÑAL HUGGIES ET 1 UNISEX 8/24 PZ           ,$624.55,
7500000001721,PAÑAL HUGGIES ULT ET 6 NIÑO 8/31 PZ        ,"$1,541.14",
7500000001722,PAÑAL HUGGIES ULT ET2 UNISEX 6/40 PZ      ,$917.36,
7500000001730,PAÑAL HUGGIES ULT ETAPA 3 NINO 6/36 PZ   ,$906.87,
7500000001731,PAÑAL HUGGIES ULT RN UNISEX 8/24 PZ       ,$599.65,
7500000001732,PAÑAL SUAVELASTIC CHICO 4/38 PZ              ,$517.26,
7500000001746,PAPEL ALUMINIO ALUPAK 24/10 MT               ,$288.97,
7500000001747,PAPEL ALUMINIO ALUPAK 24/8 MT                 ,$206.91,
7500000001752,PH PETALO ULTTRA RESISTENTE 24/221 HD   ,$291.06,
7500000001753,PH PETALO JUMBO MANZANILLA 12/440 HD   ,$268.68,
7500000001755,HIG VOGUE 400 HD 24/4 PZ                                    ,$439.88,
7500000001757,SERVILLETA DELSEY 24/250 PZ                     ,$318.49,
7500000001760,SERVILLETA LYS 12/500 PZ                           ,$301.87,
7500000001763,SERVILLETA PETALO BLANCA 12/450 PZ         ,$426.93,
7500000001774,HIG VOGUE MANZ 12/4/600 HD                                  ,$303.05,
7500000002010,MINI MAMUT 12/32/384 GR                          ,$305.52,
7500000002064,CERVEZA VICTORIA MEGA 12/1.2 ML                             ,$364.99,
7500000002089,CAFE DOLCA 12/48 GR                                         ,$249.67,
7500000002093,CAFE NESCAFE CAPUCCINO MOKA 15/6/25 GR                      ,$461.35,
7500000002098,CAFE DECAF 12/170 GR                                        ,$778.07,
7500000002106,CHOC MORELIA POLVO 24/357 GR                                ,$457.72,
7500000002113,GERBER JAMON/VERD 2 ET 24/100 GR                            ,$175.69,
7500000002122,JUGO MAGGI SAZONADOR 12/125 GR            ,$318.80,
7500000002128,LECHE NAN 2 24/350 GR                               ,"$2,110.97",
7500000002142,LECHE NIDO KINDER 1+ PROTECTUS LATA ,"$1,221.16",
7500000002144,LECHERA GRANDE 48/387 ML                        ,$780.39,
7500000002153,LECHE CLAVEL 12/1 LT                                 ,$374.50,
7500000002154,LECHE CLAVEL 8/360 ML                               ,$89.89,
7500000002173,CAFE NESCAFE CAPUCCINO ORIGINAL 15/6/25 GR                  ,$464.02,
7500000002178,LECHE NAN 3 24/350 GR                               ,"$1,773.89",
7500000002185,JUGO MAGGI SAZONADOR 6/800 ML              ,$843.81,
7500000002190,CAL-C-TOSE BOLSA 30/180 GR                                  ,$636.61,
7500000002192,CAL-C-TOSE LATA 12/800 GR                                   ,$877.59,
7500000002194,CAL-C-TOSE LATA 6/1.750 GR                                  ,$831.70,
7500000002199,CHOC CHOCO MILK LATA 24/400 GR                              ,$867.81,
7500000002203,MICRODYN 25/12/15 ML                               ,"$3,648.68",
7500000002206,HA MINSA 1 KG                                               ,$98.89,
7500000002210,ACEITE DE OLIVA SAN SALVADOR 20/12/45 ML                    ,$771.59,
7500000002211,VAINILLA SAN SALVADOR 20/12/45 ML           ,$427.52,
7500000002236,GELATINA GARI GUANABANA 50/140 GR                           ,$401.84,
7500000002242,CARAMELO D´GARI 500 ML                                      ,$495.77,
7500000002243,CARAMELO D´GARI 50/250 ML                                   ,$576.61,
7500000002245,FLAN GARI 10/1 KG                                           ,$366.99,
7500000002246,FLAN GARI 50/140 GR                                         ,$330.51,
7500000002248,FLAN D´GARI CAPUCHINO 50/140 GR                             ,$330.51,
7500000002251,GELATINA GARI ANIS 50/140 GR                                ,$401.84,
7500000002252,GELATINA GARI CHOCOLATE 50/140 GR                           ,$401.84,
7500000002253,GELATINA GARI DURAZNO 50/140 GR                             ,$401.84,
7500000002254,GELATINA GARI FRAMBRUESA 50/130 GR                          ,$400.44,
7500000002255,GELATINA GARI FRESA AGUA 50/140 GR                          ,$401.84,
7500000002256,GELATINA GARI FRESA LECHE 50/140 GR                         ,$401.84,
7500000002258,GELATINA GARI JEREZ 50/140 GR                               ,$401.84,
7500000002259,GELATINA GARI LIMON 50/140 GR                               ,$401.84,
7500000002260,GELATINA GARI MANDARINA 50/140 GR                           ,$401.84,
7500000002262,GELATINA GARI MELON 50/130 GR                               ,$396.59,
7500000002263,GELATINA GARI MORA SILVESTRE 50/140 GR                      ,$401.84,
7500000002265,GELATINA GARI NUEZ 50/140 GR                                ,$401.84,
7500000002266,GELATINA GARI PIÑA 50/140 GR                                ,$401.84,
7500000002268,GELATINA GARI ROMPOPE 50/140 GR                             ,$401.84,
7500000002370,ACEITE VICTORIA 12/900 ML                                   ,$213.93,
7500000002377,SALSA VALENTINA AMARILLA 12/1 LT            ,$190.22,
7500000002378,SALSA VALENTINA AMARILLA 24/370 ML        ,$190.22,
7500000002381,SALSA VALENTINA AMARILLA SOBRE 10 PZ     ,$190.22,
7500000002382,SALSA VALENTINA NEGRA SOBRE 900/10 GR  ,$200.92,
7500000002389,CAFE LEGAL 6/20/10 GR                                       ,$543.36,
7500000002398,CH CLEMENTE JACQUES JALAPEÑOS NACHO 2.8 GR                  ,$256.05,
7500000002409,FRIJ LA SIERRA NEGRO REFRITO 12/580 GR                      ,$141.24,
7500000002412,SALSA CATSUP CLEMENTE JAQUES 3.100 KG   ,$310.01,
7500000002415,VINAGRE CLEMENTE JACQUES BLANCO ,$167.30,
7500000002432,CAFE ORO 6/20/10 GR                                         ,$580.56,
7500000002436,CAFE CAFE ORO SOLUBLE BOLSA 12/175 GR                       ,$540.71,
7500000002445,CAFE LEGAL 1/60/30 GR                                       ,"$1,949.80",
7500000002462,SALSA VALENTINA NEGRA 24/370 ML             ,$200.92,
7500000002474,SAL ELEFANTE COCINA 20/1 KG                     ,$142.67,
7500000002475,SAL LA FINA DE MESA 18/1 KG                      ,$144.45,
7500000002476,SAL ELEFANTE DE MESA 20/1 KG                   ,$143.24,
7500000002478,SAL LA FINA CHILE Y LIMON 16/125 GR         ,$209.24,
7500000002484,SAL LA FINA BOTE 16/250 GR                       ,$120.73,
7500000002502,SERVILLETAS REGIO 48/125 PZ                     ,$475.45,
7500000002504,TF SABA INTIMA REG S/A 14/10PZ                 ,$148.79,
7500000002508,TF SABA BUENAS NOCHES NOCT C/A 6/24 PZ  ,$313.94,
7500000002509,TF SABA CONF MANZ REG C/A 10/10PZ          ,$134.06,
7500000002511,TF SABA CONF MANZ NOC C/A 10/8PZ            ,$131.24,
7500000002557,BOING SURTIDO 24/500 ML                                     ,$148.61,
7500000002560,BOING SURTIDO 12/1 LT                                       ,$148.61,
7500000002568,GEL XTREME EXH 6/30/12 GR                                   ,$497.70,
7500000002570,GEL XTREME 24/250 GR                                        ,$196.65,
7500000002588,SALVO LIQ ALTERNATIVA AL CLORO 20/500   ,$353.33,
7500000002594,LECHE NIDO NUTRI-RINDES 24/480 GR          ,$815.17,
7500000002621,ATUN DOLORES ACEITE 48/140 GR                               ,$620.89,
7500000002636,JAB TOC ZEST AQUA 96/120 GR                                 ,$772.73,
7500000002747,HA LA MODERNA DE TRIGO 10/1 KG                              ,$123.64,
7500000002750,SP LA MODERNA ALMEJA 20/200 GR              ,$84.41,
7500000002751,SP LA MODERNA CARACOL #3 20/200 GR       ,$84.41,
7500000002752,SP LA MODERNA CODO #1 20/200 GR            ,$84.41,
7500000002753,SP LA MODERNA CODO #2 20/200 GR            ,$84.41,
7500000002754,SP LA MODERNA CODO #3 20/200 GR            ,$84.41,
7500000002755,SP LA MODERNA CODO #4 20/200 GR            ,$84.41,
7500000002756,SP LA MODERNA CORBATA 20/200 GR            ,$84.41,
7500000002757,SP LA MODERNA CORONA 20/200 GR             ,$84.41,
7500000002758,SP LA MODERNA ENGRANE 20/200 GR            ,$84.41,
7500000002760,SP LA MODERNA ESTRELLA 20/200 GR           ,$84.41,
7500000002761,SP LA MODERNA FIDEO #0 20/200 GR           ,$84.41,
7500000002762,SP LA MODERNA FIDEO #1 20/200 GR           ,$84.41,
7500000002763,SP LA MODERNA FIDEO #2 20/200 GR           ,$84.41,
7500000002764,SP PASTILARA FIDEO CADEJO 20/180  GR      ,$70.56,
7500000002766,SP LA MODERNA LENGUA 20/200 GR              ,$84.41,
7500000002767,SP LA MODERNA LENTEJA 20/200 GR             ,$84.41,
7500000002768,SP LA MODERNA LETRA 20/200 GR                ,$84.41,
7500000002769,SP LA MODERNA MOÑITO 20/200 GR             ,$84.41,
7500000002771,SP LA MODERNA MUNICION 20/200 GR          ,$84.41,
7500000002772,SP LA MODERNA OJITO 20/200 GR                ,$84.41,
7500000002773,SP LA MODERNA PLUMA 20/200 GR                ,$84.41,
7500000002774,SP LA MODERNA SOMBRERO 20/200 GR         ,$84.41,
7500000002775,SP LA MODERNA SPAGUETI 20/200 GR           ,$84.41,
7500000002776,SP LA MODERNA TALLARIN #1 20/200 GR      ,$84.41,
7500000002777,SP LA MODERNA TALLARIN #2 20/200 GR      ,$84.41,
7500000002778,SP LA MODERNA TORNILLO 20/200 GR           ,$84.41,
7500000002782,HA 3 ESTRELLAS DE ARROZ 18/500 GR                           ,$214.44,
7500000002784,HA 3 ESTRELLAS DE ARROZ 36/250 GR                           ,$219.24,
7500000002796,SP LA MODERNA CARACOL #1 20/200 GR       ,$84.41,
7500000002797,SP LA MODERNA CARACOL #2 20/200 GR       ,$84.41,
7500000002800,SP LA MODERNA MACARRON 20/200 GR         ,$84.41,
7500000002806,SP PASTILARA SPAGUETTI 20/200 GR            ,$70.56,
7500000002868,TF SABA TEENS LARGA C/A 12/10 PZ              ,$259.55,
7500000003383,PASTA DENTAL CREST COMPLETE LIM PROF ,$544.46,
7500000003401,DS MUM ROLL ON FLORAL 24/60 GR                              ,$330.17,
7500000003453,JAB TOC ESCUDO AZUL NATURAL 120GR                           ,$750.57,
7500000003473,JAB TOC ZEST NATURA AGUACATE 96/120 GR                      ,$854.37,
7500000003475,JAB TOC ZEST NATURA ALME/AVENA 96/120 GR                    ,$850.69,
7500000003477,JAB TOC ZEST NATURA MANZ/LECHE 96/120 GR                    ,$851.83,
7500000003478,JAB TOC ZEST NATURA MIEL/YOGHURT 96/120 GR                  ,$853.03,
7500000003480,JAB TOC ZEST NATURA SABILA/PEPINO 96/120 GR                 ,$851.79,
7500000003545,PAÑAL HUGGIES ULT C. ET3 NIÑA  6/36 PZ     ,$975.79,
7500000003546,PAÑAL HUGGIES ULT C. ET3 NIÑO 6/36          ,$0.08,
7500000003547,PAÑAL HUGGIES ULT C. ET4 NIÑA 6/36          ,"$1,090.65",
7500000003548,PAÑAL HUGGIES ULT C. ET4 NIÑO 6/36          ,"$1,077.17",
7500000003549,PAÑAL HUGGIES ULT C. ET5 NIÑA 8/31          ,"$1,454.53",
7500000003550,PAÑAL HUGGIES ULT C. ET5 NIÑO 31             ,"$1,426.43",
7500000003551,PAÑAL HUGGIES ULT C. ET6 NIÑA 8/31          ,"$1,523.89",
7500000003769,JAB TOC ROSA VENUS ROSA 60/100 GR                           ,$222.36,
7500000003770,JAB TOC ROSA VENUS ROSA 240/25 GR                           ,$244.57,
7500000003773,PRO-NATURAL DERM CR EXTREME 16/630 ML ,$364.67,
7500000003781,JAB PRO-NATURAL DERM ANTI GRANA 12/525 ML                   ,$239.19,
7500000005768,PAÑAL TENA CONFORT MED 4/10                  ,$239.01,
7500000005775,PH REGIO RINDE+ 420 HD 18/4 R                 ,$351.33,
7500000005782,TF SABA CONF MANZ REG S/A 10/10              ,$107.32,
7500000005787,TF SABA INVISIBLE DEL C/A 16/10                 ,$243.00,
7500000005790,TF SABA TEENS DELG NOCTURNA C/A 12/10   ,$291.41,
7500000005829,PROMO GEL XTREME 24/250GR                     ,$185.40,
7500000005878,ATUN DOLORES AGUA 48/140 GR                                 ,$611.08,
7500000005883,FRIJ ISADORA BAYO 24/430 GR                                 ,$237.78,
7500000005886,TF SABA INTIMA CLIP REG C/A 14/10PZ         ,$181.91,
7500000005893,CAFÉ NESCAFE VAINILLA 15/6/25 GR                            ,$456.90,
7500000005907,TF KOTEX F&S TAMP REG 24/10PZ                 ,$867.25,
7500000005910,DT SALVO LIMON 12/300 ML                                    ,$127.32,
7500000005982,ACEITE 1-2-3 12/1 LT                                        ,$271.39,
7500000005990,JAB TOC ZEST NEUTRO 96/120 GR                               ,$773.23,
7500000006002,TF KOTEX F&S TAMP SUPER 24/10                 ,$882.22,
7500000006012,TF ALWAYS NOCHES SECA C/A 12/8 PZAS       ,$241.33,
7500000006035,TAMPAX SUPER PLUS C/APLICADOR C/10       ,$346.20,
7500000006098,NIDO CLASICA 6/1.600 GR                            ,$993.57,
7500000006153,TANG NARANJA 12/8/15 GR                          ,$291.23,
7500000006167,VLD CAFETERO ESPIRITU DIVINO 20 PZ         ,$237.83,
7500000006169,VLD CUBERO ESPIRITU DIVINO 20 PZ            ,$273.37,
7500000006172,VLD ECOLG ESPIRITU DIVINO 1/2 SEMANA ,$249.57,
7500000006174,VLD LIMONERO ESPIRITU DIVINO 20PZ          ,$273.44,
7500000006303,GEL XTREME TRANSP ATRACTION 12/200 GR                       ,$108.66,
7500000006568,GERBER MANGO 2 ET 24/113 GR                                 ,$214.00,
7500000006763,PAÑUELOS KLEENEX AHORRAPACK 24/2/180 ,$982.27,
7500000006940,TF SABA BUENAS NOCHES C/A 14/8 PZ           ,$261.02,
7500000007214,DT LIQ SALVO PETALOS 20/500 ML                              ,$413.75,
7500000007215,DT LIQ SALVO PETALOS DE ROSA 12/750 ML                      ,$318.79,
7500000007217,DT LIQ SALVO SAVILA 20/500 ML                               ,$384.90,
7500000007219,DT ACE NATURALS 18/900 GR                                   ,$394.43,
7500000007246,COLGATE TOTAL 10/4/150ML                                    ,$126.40,
7500000007285,GELATINA GARI NARANJA 50/140 GR                             ,$401.84,
7500000007287,VLD ARAMO ECOL COLORES #4 C/24             ,$325.46,
7500000007362,JAB TOC ROSA VENUS AZUL 40/150 GR                           ,$225.28,
7500000007374,JUMEX MORA AZUL CHUPON  12/600ML         ,$103.81,
7500000007399,LIMPIADOR DE TENIS EL OSO 30/125 ML       ,$625.09,
7500000007474,VLD ARAMO LUMINOSA#3 24 PZ                   ,$254.97,
7500000007480,VASO CRISTAL NEON #10 20/30                    ,$733.54,
7500000007545,JUGO JUMEX BIDA GUAYABA 1 LT                  ,$115.24,
7500000007547,JUMEX BIDA UVA 12/1 LT                             ,$115.24,
7500000007548,JUMEX BIDA MANGO 12/1 LT                         ,$115.24,
7500000007555,AJO PICADO HERDEZ 24/160 GR                                 ,$253.90,
7500000007556,CEBOLLA HERDEZ PICADA 210 GR                                ,$190.02,
7500000007582,FOCO GEO POWER ESPIRAL 24 WATS (LA-149) 50 PZA              ,"$1,372.22",
7500000007585,JAB LAV 123 ANTIBACTERIAL20/350 GR                          ,$178.33,
7500000007600,JUMEX BIDA FRESA 12/500ML                       ,$64.31,
7500000007628,AGRANEL CHILE ANCHO                                         ,$93.29,
7500000007633,AGRANEL CHILE GUAJILLO                                      ,$80.83,
7500000007712,GARBANZOS HERDEZ 400 GR                                     ,$0.00,
7500000007751,LECHE NIDO NUTRI-RINDES 36/240 GR          ,$635.65,
7500000008010,TANG PIÑA 12/8/15 GR                                 ,$286.59,
7500000008011,TANG HORCHATA 12/8/15 GR                       ,$291.12,
7500000008021,MOLE DOÑA MARIA ROJO 24/230 GR             ,$582.47,
7500000008087,FRUTS ARCOIRIS 15/104 GR                                    ,$134.07,
7500000008160,MINI MAMUT EXH 12/32/12 GR                     ,$259.05,
7500000008162,LIM BREF DESINCLORO FRESCURA 15/1 LT     ,$263.96,
7500000008232,CERILLO TALISMAN 10/5 PZ                                    ,"$1,186.04",
7500000008250,VASO DE PLASTICO JAGUAR NO.12  20/50 ,$466.98,
7500000008267,PLATO REYMA TERMICO PH #4 20/25 PZ        ,$206.87,
7500000008274,BL CLOROX 15/930 ML                                         ,$107.00,
7500000008374,JAB LAV 123 FRESCA BLANCURA 20/350 GR                       ,$178.33,
7500000008376,JAB 1-2-3 SUAVIZANTE Y JAZMIN 20/350 GR                     ,$178.33,
7500000008434,CAFE NESCAFE CLASICO 4/1 KG                                 ,"$1,249.72",
7500000008440,AGRANEL MAIZ POZOLERO                                       ,$16.70,
7500000008612,LIM PINOL 15/828 ML                                   ,$211.04,
7500000008726,VLD ECOLG ESPIRITU DIVINO I C/12PZAS       ,$260.07,
7500000008741,CHICHAROS LA COSTEÑA 24/220G                                ,$115.38,
7500000008816,GELATINA GARI FRESA AGUA 10/850 GR                          ,$474.44,
7500000008963,ATUN NAIR ACEITE 24/130 GR                                  ,$208.06,
7500000009030,DT MAESTRO LIMPIO BIODEG 32/250 GR                          ,$198.38,
7500000009162,PAÑAL DIAPRO CONFORT MEDIANO 4/10 PZ   ,$191.45,
7500000009163,TF KOTEX PANTY LARGO 24/44 PZ                 ,$616.30,
7500000009170,DURAZNO FALANI ALMIBAR MITAD 12/820 GR                      ,$321.64,
7500000009171,KLEENEX BOUTIQUE PAÑUELO 16/3/70 UNI    ,$366.95,
7500000009176,SERVITOALLA KLEENEX 12/1/100 HJ              ,$383.96,
7500000009181,TOALLA HUMEDA HUGGIES TINA 8/80 PZ       ,$318.91,
7500000009199,PH REGIO R3 ALMENDRAS 12/4/189 HJS        ,$254.85,
7500000009269,TOHU ABSORSEC 12/20 PZ                            ,$67.90,
7500000009294,CER ZUCARITAS KELLOGGS 50/30 GR                             ,$231.82,
7500000009301,CER FROOT LOOPS 50/25 GR                                    ,$231.82,
7500000009353,PAÑAL BABY SENS UNISEX MEDIANO 3X38S    ,$326.28,
7500000009358,PAÑAL BABY SENS UNISEX MEDIANO 4X14S    ,$158.51,
7500000009360,PAÑAL BABY SENS UNISEX  EX GRANDE ,$200.17,
7500000009425,SP PASTILARA MUNICION 20/200 GR             ,$70.56,
7500000009442,VASO CRISTAL NEON 16 OZ 30/20 OZ            ,$974.89,
7500000009443,VASO CRISTAL NEON N°10 OZ 20/30 PZ         ,$733.54,
7500000009444,VASO CRISTAL NEON N°16 OZ 1/5 PZ            ,$974.89,
7500000009445,VASO CRISTAL N°10 OZ 50/20 PZ                  ,$753.62,
7500000009446,VASO CRISTAL N°14 OZ 50/20 PZ                  ,"$1,091.48",
7500000009447,VASO CRISTAL N°7 OZ 50/20 PZ                    ,$568.92,
7500000009448,VASO CRISTAL CORNETO N°8 50/20 PZ          ,$585.36,
7500000009501,SALSA VALENTINA AMARILLA SOBRE 1800/5 ,$200.92,
7500000009507,FRIJ ISADORA NEGROS 24/430 GR                               ,$237.78,
7500000009508,SALSA BOTANERA CLASICA 6/4.100 LT           ,$235.23,
7500000009509,SALSA BOTANERA CLASICA 12/1 KG               ,$154.94,
7500000009568,GEL XTREME CONTROL CASPA 12/250 GR                          ,$130.77,
7500000009570,CERA MODELADORA MATE 8/0.06 KG                              ,$297.10,
7500000009648,PURE DE TOMATE COSTEÑA COND TETRA ,$117.74,
7500000009658,ENSALADA CAMPESINA DEL MONTE 24/215 GR                      ,$94.50,
7500000009681,VASO CRISTAL Nº12OZ 50/20                       ,$764.75,
7500000009691,ACEITE VICTORIA DE SOYA 12/900 ML                           ,$213.88,
7500000009781,CH MORENA RAJAS VERDES EN ESC 12/800 GR                     ,$149.82,
7500000009784,TOHU NIVEA BABY PURE& NATURAL C/BIO ,$23.48,
7500000009794,MIGUELITO ENCHILADO 48/250 GR               ,$489.82,
7500000009795,MIGUELITO FRESA 48/250 GR                       ,$489.82,
7500000009796,MIGUELITO LIMON 48/250 GR                       ,$489.82,
7500000009797,MIGUELITO MANGO 48/250 GR                      ,$489.82,
7500000009798,MIGUELITO MORA 48/250 GR                        ,$489.82,
7500000009799,MIGUELITO NARANJA 48/250 GR                   ,$489.82,
7500000009800,MIGUELITO PIÑA 48/250 GR                         ,$489.82,
7500000009801,MIGUELITO SANDIA 48/250 GR                     ,$489.82,
7500000009802,MIGUELITO TAMARINDO 48/250 GR               ,$489.82,
7500000009803,MIGUELITO UVA 48/250 GR                          ,$489.82,
7500000009849,BL GOLONDRINA 24/500 ML                                     ,$78.31,
7500000009850,BL GOLONDRINA 12/1 LT                                       ,$76.29,
7500000009851,BL GOLONDRINA 6/2 LT                                        ,$73.10,
7500000009853,BL GOLONDRINA POLVO 100/40 GR                               ,$211.78,
7500000009856,BL LA VALENCIANA 20/500 ML                                  ,$89.50,
7500000009857,BL LA VALENCIANA 12/1 LT                                    ,$89.50,
7500000009859,VINAGRE BARRILITO COLOR 6/3.9 LT            ,$139.23,
7500000009860,VINAGRE BARRILITO MANZANA 6/3.9 LT        ,$244.91,
7500000009861,BL LOS PATITOS 20/500 ML                                    ,$97.48,
7500000009862,BL LOS PATITOS 12/1  LT                                     ,$97.48,
7500000009863,BL LOS PATITOS 6/4 LT                                       ,$164.05,
7500000009865,GEL ANTIBACTERIAL SIN AGUA 12/60ML                          ,$90.19,
7500000009929,POPOTE FESTIVAL FLEXIBLE 24/50 PZ            ,$104.62,
7500000009930,FESTIVAL POPOTE FLEXIBLE 24/100                             ,$192.61,
7500000010070,JUGO JUMEX BIDA MANZANA 12/500 ML         ,$64.31,
7500000010142,GA GAMESA ANIMALITOS 5 KG                                   ,$163.41,
7500000010143,GA MARINAS BETUNADAS 1 KG                                   ,$232.02,
7500000010151,GA RICANELAS 652 GR                                         ,$453.63,
7500000010153,BARRA DE COCO 117 GR                                        ,$113.53,
7500000010186,GA CREMAX VAINILLA 213 GR                                   ,$120.14,
7500000010211,GA MAMUT 12/8/30 GR                                         ,$243.85,
7500000010214,GA CREMAX FRESA 213 GR                                      ,$116.62,
7500000010242,AGRANEL EMPANIZADOR GOLDEN FOOD 8 KG                        ,$230.99,
7500000010243,ARROZ INFLADO GOLDEN FOOD 12 KG                             ,$407.27,
7500000010286,VEL VASO TAZA GIRASOL 20 PZ                     ,$261.57,
7500000010357,ENDULZANTE SPLENDA 700 SOB                                  ,$244.91,
7500000010427,NESCAFE CLASICO 6/95 GR                           ,$196.19,
7500000010452,TF KOTEX ANAT C/A 6/40 PZAS+1CREMA ,$306.53,
7500000010560,SALSA LA BOTANERA CLASICA 12/1.5 LT        ,$214.37,
7500000010583,ACEITE COLON VEGETAL 12/890 ML                              ,$199.73,
7500000010625,JUMEX BIDA UVA 12/500ML                          ,$64.31,
7500000010641,MIGUELITO MANGO 12/950 GR                      ,$408.98,
7500000010642,MIGUELITO MORA 12/950 GR                        ,$408.98,
7500000010644,MIGUELITO TAMARINDO 12/950 GR               ,$408.98,
7500000010645,MIGUELITO PIÑA 12/950 GR                         ,$408.98,
7500000010646,MIGUELITO FRESA 12/950 GR                       ,$408.98,
7500000010648,MIGUELITO NARANJA 12/950 GR                   ,$408.98,
7500000010649,MIGUELITO SANDIA 12/950 GR                     ,$408.98,
7500000010689,CER GOLDEN FRUTI ROLLS 10/500 GR                            ,$184.90,
7500000010690,CER GOLDEN GLACS CHOCO 10/500 GR                            ,$187.43,
7500000010693,CER GOLDEN CHOCO RONIS 10/500 GR                            ,$193.91,
7500000010781,SALSA HERDEZ CASERA ROJA 12/453 GR        ,$192.80,
7500000010807,JUGO ADES DURAZNO 40/200 ML                  ,$178.33,
7500000010812,JUGO ADES MANGO 40/200 ML                      ,$178.33,
7500000010815,JUGO ADES MANZANA 40/200 ML                  ,$178.33,
7500000010823,JUGO ADES PIÑA COCO 40/200 ML                ,$171.32,
7500000010834,JUGO ADES UVA 40/200 ML                           ,$178.33,
7500000010835,JUGO ADES UVA 12/946 ML                           ,$178.33,
7500000010900,TF NATURELLA T5 & 2 ALW 10/8PZA              ,$257.06,
7500000010912,TF NATURELLA GREEN TEA 16/14 PZS            ,$392.04,
7500000010981,HIG SUAVEL 10/4 300 HD                                      ,$142.38,
7500000011000,PROMO CAFE LEGAL 6/60/30 GR                    ,"$1,817.37",
7500000011020,GA SAUROS MULTIPACK 20/348 GR                               ,$264.98,
7500000011034,LIM EFICAZ LIMON 12/750 ML                       ,$231.89,
7500000011057,SERVITOALLA KLEENEX 6/2 PZ 72HJ              ,$261.97,
7500000011130,MEDIA CREMA NESTLE 1 KG                          ,$477.41,
7500000011133,GELATINA GARI COCO 50/140 GR                                ,$401.84,
7500000011142,DT ARIEL REGULAR PWD 9/1.100 KG                             ,$295.78,
7500000011188,MIEL CARLOTA ABEJA DESPACH 335 GR         ,$538.58,
7500000011252,TENEDOR PASTELERO PLASTIKIN 60/50         ,$279.47,
7500000011253,TENEDOR MEDIANO PLASTIKIN 40/25            ,$165.79,
7500000011254,MOLDE PARA GELATINA 10 20/50 PZAS          ,$203.10,
7500000011255,TENEDOR SOPERO PLASTIKIN 40/25              ,$245.48,
7500000011256,MICKEY CHAMOY 48/250 ML                         ,$405.57,
7500000011267,BL CLORALEX MASCOTAS REGULAR 15/950 ML                      ,$271.04,
7500000011386,ENSALADA HERDEZ VEGETAL 24/400 GR                           ,$241.39,
7500000011387,SALSA HERDEZ VERDE 240 GR                       ,$143.26,
7500000011402,DT ARIEL POWDER 9/2KG                                       ,$615.46,
7500000011404,DT ARIEL REGULAR PWD 36/250 GR                              ,$339.99,
7500000011405,DT ACE REGULAR PWD 18/500GR                                 ,$273.46,
7500000011447,JUGO LA LIMONERA LIMON 12/1 LT               ,$184.56,
7500000011448,CHAMOY MEGA 12/1 KG                                         ,$167.72,
7500000011449,CHAMOY MEGA 6/4.1 KG                                        ,$266.14,
7500000011457,HIG VOGUE 80/400 HD                                         ,$453.55,
7500000011486,CHOC CHOCO MILK 40/160 GR                                   ,$587.00,
7500000011488,CAL-C-TOSE CHOC 40/160 GR                                   ,$628.53,
7500000011522,CHAMPIÑONES HERDEZ REBANADOS 24/270 GR                      ,$290.22,
7500000011647,NESCAFE CLASICO STICK 6/20/14 GR             ,$872.50,
7500000011649,NESCAFE CLASICO 30/5 GR                           ,$754.66,
7500000011651,JUGO MAGGI SAZONADOR 4/1.9 LT                ,"$1,138.48",
7500000011652,SALSA INGLESA C&B 4/1.9 LT                        ,$676.00,
7500000011653,JUGO MAGGI COCKTAIL 1.9 KG                     ,$761.84,
7500000011654,COFFE MATE STICK 200/4 GR                                   ,$581.37,
7500000011680,HERSHEY GALON 3.4 KG                                        ,$642.00,
7500000011683,NUTELLA DE CACAO 750 GR                          ,"$1,265.51",
7500000011694,JUGO JUMEX MINI MANZANA 40/200 ML         ,$173.89,
7500000011695,CERILLO FLAMITA C/50                                        ,$929.52,
7500000011723,BL CLORALEX COLOR LIQ + CLORALEX C/6                        ,$146.35,
7500000011724,BL CLORALEX MAX 600/PINOL 6/1 LT                            ,$170.07,
7500000011728,CH MORENA RODAJAS JALAP 6/2.8 KG                            ,$312.31,
7500000011749,CER CHOCO KRISPIS POPS 14/90 GR                             ,$149.85,
7500000011795,SP LUIGI FIDEO 0 20/200 GR                        ,$84.41,
7500000011796,CERA LIQ EL OSO CAFE 12/70 ML                               ,$118.98,
7500000011834,DT ARIEL REGULAR 18/500 GR                                  ,$327.69,
7500000011843,JAB KLEEN ALOE LIRIO BARRA 24/160 GR                        ,$262.10,
7500000011844,JAB KLEEN MANZ/KIWI BARRA 24/160 GR                         ,$257.79,
7500000011845,JAB KLEEN ANTIBACTERIAL BARRA 24/160 GR                     ,$261.03,
7500000011846,JAB KLEEN AROMA FLORAL BARRA 24/160 GR                      ,$261.12,
7500000011847,JAB KLEEN BODY BAL BARRA 24/160 GR                          ,$261.33,
7500000011848,JAB KLEEN PERA YOGHURT BARRA 24/160 GR                      ,$261.21,
7500000011849,JAB KLEEN ALOE 6/4/160 GR                                   ,$216.26,
7500000011851,JAB KLEEN MANZ7KIWI 6/4/160 GR                              ,$216.26,
7500000011860,JUGO JUMEX SPORT UVA TAPA 12/600 ML      ,$101.99,
7500000011861,TAS HUM HUGGIES NATURAL CARE C/40  ,$423.80,
7500000011879,GA MODERNA ANIMALITOS 5/1 KG                                ,$119.35,
7500000011882,DT LIQ MAS COLOR  CON SUAVISANTE 8/900 ML                   ,$109.38,
7500000011943,DT ACE PWD 36/250GR                                         ,$288.85,
7500000011946,DT LIQ ARIEL REG POWER 12/1 LT                              ,$690.96,
7500000012019,CH COSTEÑA JALAPEÑOS PICADOS CHAR 24/220GR                  ,$0.00,
7500000012027,CHAMOY MEGA 12/1.5 KG                                       ,$228.56,
7500000012072,PIMIENTA MC CORMICK NEGRA MOLIDA ,$64.63,
7500000012073,SAL CON AJO MC CORMICK 36/3.5 GR            ,$64.63,
7500000012208,TAMPAX SUPER 12/10 PZ                              ,$418.39,
7500000012231,MULTIBRAN PASAS 24/220 GR                       ,$402.25,
7500000012233,GA BARRA DE COCO 12/634 GR                                  ,$428.65,
7500000012239,MAMUT CHOCO BOMBON 8/390 GR                ,$250.39,
7500000012240,BARRAS DE COCO 9/845 GR                                     ,$391.28,
7500000012248,LIMP ELIK MULTIUSOS LAVANDA 12 /1 LT      ,$115.85,
7500000012249,LIMP ELIK MULTIUSOS FLORAL 12/1 LT          ,$115.85,
7500000012252,SUAVELIK PRIMAVERA 12/1 LT                      ,$132.39,
7500000012279,LIMP ELIK PINO CRISTAL 12/1 LT                  ,$132.39,
7500000012303,MOLDE GELATINERO NEON 30/25 PZAS          ,$578.99,
7500000012417,FLAN GARI FRESAS C/CREMA 50/140 GR                          ,$330.51,
7500000012418,PAÑAL SUAVELSTIC MEDIANO 4/42 PZ           ,$568.65,
7500000012447,LIMP MARAVILLOSO PINO 12/1 LT                 ,$0.00,
7500000012457,GELATINA GARI DURAZNO 10/840 GR                             ,$489.82,
7500000012458,GELATINA GARI FRESA AGUA 10/840 GR                          ,$489.82,
7500000012459,GELATINA GARI GROSELLA 10/840 GR                            ,$489.82,
7500000012460,GELATINA GARI JEREZ 10/840 GR                               ,$489.82,
7500000012461,GELATINA GARI LIMON 10/840 GR                               ,$489.82,
7500000012462,GELATINA GARI PIÑA 10/840 GR                                ,$489.82,
7500000012463,GELATINA GARI NARANJA 10/840 GR                             ,$489.82,
7500000012464,GELATINA GARI UVA 10/840 GR                                 ,$489.82,
7500000012465,GELATINA GARI FRESA LECHE 10/840 GR                         ,$489.82,
7500000012466,GELATINA AGRI VAINILLA 10/840 GR                            ,$489.82,
7500000012467,GELATINA GARI ROMPOPE 10/840 GR                             ,$489.82,
7500000012491,PILA EVEREADY GOLD AA 12/6 PZ                  ,$37.21,
7500000012493,PILA EVEREADY GOLD AAA 12/6 PZ                ,$36.62,
7500000012517,JAB LAV CORONA BLANCO C/ENV 25/400 GR                       ,$287.28,
7500000012535,DOWNY LE BRISA FRESCA 12/800 ML                             ,$196.01,
7500000012587,CAFE NESCAFE CLASICO 8/42 GR                                ,$121.27,
7500000012596,CAFE NESCAFE DOLCA 15/85 GR                                 ,$406.56,
7500000012598,COFFEE MATE ORIGINAL 9/10/34 GR                             ,$368.08,
7500000012621,SERVILLETA PETALO COLOR 24/220 HJS        ,$444.83,
7500000012643,DOWNY LE NATURAL BEAUTY 12/800 ML                           ,$215.75,
7500000012658,TF NATURELLA NOCTURNA C/A 12/8 PZ          ,$183.26,
7500000012661,LECHE NAN OPTIPRO 3 800 GR+ NESTUM 4 ,$949.80,
7500000012686,FOCO OSRAM 53 WAT=75 WAT                                    ,$827.47,
7500000012692,LIMP ELIK NARANJA 12/1 LT                         ,$132.39,
7500000012697,PROMO PAÑAL SUAVELASTIC MAX GRANDE ,$149.74,
7500000012705,CHOC CHOCOCOA 36/180 GR                                     ,$295.78,
7500000012711,GERBER CIRUELA PASA 2 ET 24/113 GR                          ,$214.00,
7500000012712,GERBER FRUT TROPICALES 2 ET 24/113 GR                       ,$214.00,
7500000012713,GERBER FRUTAS MIXTAS 2 ET 24/113 GR                         ,$213.00,
7500000012716,ACEITE DE OLIVA MIXTO PURO SAN SALVADOR 20/12/45 ML         ,$580.18,
7500000012754,VEL ARAMO ECOL PLASTICO COLORES # 7 8 ,$153.52,
7500000012758,CAFE NESCAFE CLASICO BOLSA 5/400 GR                         ,$608.71,
7500000012827,MAYONESA MC CORMICK BAJA EN GRASA ,$237.78,
7500000012833,VASO REYMA DESECHABLE NO 5/12 20/50 PZ ,$151.70,
7500000012840,GELATINA GARI CEREZA 50/140 GR                              ,$401.84,
7500000012846,DT MAESTRO LIMPIO MULTIUSOS 15/500 GR                       ,$172.31,
7500000012864,TAMPAX SUPER PLUS 12/10 PZ                      ,$419.06,
7500000012872,TOHU PICOLIN 18/80 PZ                               ,$243.31,
7500000012886,DT MAESTRO LIMPIO MULTIUSOS 12/1 KG                         ,$266.82,
7500000012890,CAFE DECAF ORIGINAL 12/8/14 GR                              ,$777.32,
7500000012891,CAFE DOLCA 6(2X170GR)                                       ,$453.53,
7500000012930,COFFE MATE 12/420 GR                                        ,$403.47,
7500000012943,GERBER PURE DE VERD POLLO/PASTA 2 ET 24/113 GR              ,$212.81,
7500000012951,TOHU DIAPRO WIPES 18/42 PZ                     ,$396.91,
7500000012957,GERBER VERD/RES Y ARROZ 2 ET 24/113 GR                      ,$212.81,
7500000012959,ENSUEÑO NAT COCO/CARITE 12/850 ML                           ,$155.57,
7500000012966,PLATO PACHANGA #10 20/25 PZ                   ,$267.55,
7500000012985,VINAGRE BARRILITO MANZANA 6/4 LT           ,$244.91,
7500000013031,LIMP ELIK MULTIUSOS MANZANA 12/1 LT       ,$132.39,
7500000013036,PROMO SALSA MAGGI DE SOYA GARRAFA 1.9 ,$0.01,
7500000013110,PROMO DT ACE NATURALS 48/250 GR           ,$268.96,
7500000013142,PROMO PÑ SUAVELASTIC MAX GRANDE 4/42 ,$542.48,
7500000013143,PROMO PÑ SUAVELASTIC MAX JUMBO 4/42 ,$586.43,
7500000013146,PROMO PÑ SUAVELASTIC MAX MED 6/14 PZ   ,$275.91,
7500000013147,PROMO PÑ SUAVELASTIC GRANDE 6/14 PZ     ,$284.18,
7500000013150,PROMO PÑ SUAVELASTIC MAX MED 4/38 PZ   ,$501.75,
7500000013152,PROMO TF SABA INTIMA REG S/A 14/10 PZ    ,$119.77,
7500000013154,PROMO TF SABA CONF MANZ DELG C/A ,$124.56,
7500000013161,LECHE NIDO CLASICA 1.68 + NESTUM 370 ,$585.00,
7500000013165,PROMO MAYONESA MC CORMICK #16 12/390 ,$276.38,
7500000013173,DET LIQ ACE POWER 12/1 LT                                   ,$593.78,
7500000013210,JUGO ADES MANZANA 24/330 ML                  ,$95.11,
7500000013212,JUGO ADES DURAZNO 24/330 ML                  ,$95.11,
7500000013215,ARROZ KNORR A LA ESPAÑOLA 12/155 GR                         ,$178.33,
7500000013250,PROMO MAYONESA MC CORMICK #8 24/190 ,$303.93,
7500000013253,GERBER VERD/JAMON 2 ET 24/113 GR                            ,$212.81,
7500000013254,GERBER PURE DE FRUTAS SURTIDO 4(6)113 GR                    ,$197.91,
7500000013255,GERBER SURTIDO ET JNR 8 (6)110 GR                           ,$404.80,
7500000013256,GERBER GUAYABA 2 ET 24/113 GR                               ,$214.00,
7500000013260,VEL ARAMO VASO 100 EXPORTACION V. DE ,$171.66,
7500000013283,PROMO JUGO DE ARANDANO OCEAN 12/1 LT  ,$217.80,
7500000013366,PROMO CAL-C-TOSE BOLSA 24/400 GR           ,$695.93,
7500000013367,PROMO CAL-C-TOSE LATA 24/400 GR             ,$861.56,
7500000013462,PROMO GERBER PURE DE FRUTAS SURTIDO ,$182.72,
7500000013504,JUMEX MINI UVA 40/200 ML                          ,$173.89,
7500000013520,LECHERA LIGHT 24/397 GR                           ,$142.67,
7500000013522,PROMO LECHE NIDO CLASICA 24/360 GR       ,$601.24,
7500000013523,PROMO LECHE NIDO 12/840 GR                    ,$711.49,
7500000013540,NESCAFE CLASICO 12/225 GR                       ,$951.11,
7500000013541,SALSA CATSUP COSTEÑA 12/680 GR              ,$230.73,
7500000013611,PROMO CAFE NESCAFE CLASICO 4/1 KG         ,$0.00,
7500000013620,KNORR SUIZA 6/50 ESTUCHES                      ,$712.14,
7500000013634,CERVEZA MODELO NEGRA LATA 24/355 ML                         ,$279.39,
7500000013657,PROMO PÑ SUAVELASTIC MAX GRANDE 4/42 ,$475.54,
7500000013664,CERVEZA CORONA CLARA 12/355 ML                              ,$131.97,
7500000013716,CERVEZA MODELO ESPECIAL LATA 18/355 ML                      ,$202.11,
7500000013726,NESCAFE CLASICO 6/1.2 KG                          ,"$1,653.63",
